timestamp,source_id,source_type,source_department,destination_id,destination_type,destination_department,data_volume_mb,transfer_speed_mbps,bandwidth_usage_percent,latency_ms,packet_loss_percent,network_load_percent,active_connections,response_time_ms,queue_length,data_priority,data_classification,access_permission,threat_level,connection_status,route_status,processing_rate,api_requests,database_queries,ai_requests,iot_messages,anomaly_status
2026-08-25T06:00:00Z,Server-03,Server,IT,Cloud-01,Cloud,Operations,22.97,274.24,16.82,213.86,0.44,17.69,60,361.41,3,Normal,Public,Open,High,Connected,Congested,219.17,7,5,0,1,High Latency
2026-08-25T06:12:00Z,Database-01,Database,Finance,AI-Engine,AI,Management,68.11,167.81,35.54,30.14,0.07,30.03,151,47.39,3,High,Confidential,Role-Based,Low,Connected,Optimal,157.96,33,126,82,4,Normal
2026-08-25T06:24:00Z,Server-03,Server,IT,Cloud-01,Cloud,Operations,116.95,472.64,36.94,17.92,0.16,33.07,151,23.53,4,Normal,Internal,Employee,Low,Connected,Optimal,409.58,21,13,15,6,Normal
2026-08-25T06:36:00Z,Server-02,Server,Operations,Database-02,Database,Operations,52.51,429.18,19.34,31.94,0.64,19.08,111,52.03,2,High,Confidential,Role-Based,Low,Connected,Optimal,344.66,5,90,2,0,Normal
2026-08-25T06:48:00Z,IoT-Gateway,IoT,Operations,Cloud-01,Cloud,Operations,118.59,300.26,36.26,32.62,0.6,34.06,173,43.14,1,Normal,Confidential,Role-Based,Low,Connected,Optimal,264.15,22,35,9,409,Normal
2026-08-25T07:00:00Z,Development,Department,Development,API-Gateway,API,IT,101.49,337.01,36.63,33.73,0.05,33.67,220,51.28,2,Critical,Confidential,Role-Based,Low,Connected,Optimal,237.65,402,22,8,2,Normal
2026-08-25T07:12:00Z,Server-03,Server,IT,Cloud-01,Cloud,Operations,69.88,379.06,26.69,56.06,0.57,23.71,132,71.48,6,Normal,Internal,Employee,Low,Connected,Optimal,369.22,11,16,5,4,Normal
2026-08-25T07:24:00Z,Server-02,Server,Operations,Database-01,Database,Finance,66.51,204.32,18.46,55.02,0.57,19.13,116,65.51,0,High,Restricted,Privileged,Low,Connected,Optimal,150.9,19,82,7,4,Normal
2026-08-25T07:36:00Z,Finance,Department,Finance,Database-01,Database,Finance,110.16,513.38,28.2,52.64,0.28,24.68,190,87.44,2,Critical,Internal,Employee,Low,Connected,Optimal,460.58,33,147,4,2,Normal
2026-08-25T07:48:00Z,Server-02,Server,Operations,Database-02,Database,Operations,141.17,178.7,28.49,42.51,0.16,30.07,274,50.99,4,Normal,Confidential,Role-Based,Low,Connected,Optimal,142.32,21,419,11,5,Normal
2026-08-25T08:00:00Z,Database-02,Database,Operations,AI-Engine,AI,Management,217.63,247.01,38.28,34.1,0.28,36.04,376,55.29,4,Normal,Internal,Employee,Low,Connected,Optimal,268.69,43,322,235,7,Normal
2026-08-25T08:12:00Z,API-Gateway,API,IT,Server-02,Server,Operations,164.64,493.87,38.05,52.18,0.36,31.71,334,90.54,2,Critical,Restricted,Privileged,Low,Connected,Optimal,534.32,378,28,6,5,Normal
2026-08-25T08:24:00Z,Development,Department,Development,API-Gateway,API,IT,231.91,493.57,43.05,48.93,0.3,40.04,446,90.37,0,Normal,Internal,Employee,Low,Connected,Optimal,560.66,820,43,24,1,Normal
2026-08-25T08:36:00Z,Server-02,Server,Operations,Database-02,Database,Operations,257.43,490.01,85.94,56.35,0.06,98.12,407,192.03,37,Normal,Internal,Employee,Medium,Degraded,Optimal,435.45,85,552,33,4,Server Overload
2026-08-25T08:48:00Z,Database-01,Database,Finance,AI-Engine,AI,Management,141.03,302.99,39.29,28.6,0.21,39.9,174,42.06,11,Low,Internal,Employee,Low,Connected,Optimal,248.25,66,403,231,4,Normal
2026-08-25T09:00:00Z,Management,Department,Management,AI-Engine,AI,Management,149.55,627.33,39.25,57.46,0.43,32.26,282,78.13,2,High,Restricted,Privileged,Low,Connected,Optimal,477.04,21,11,182,3,Normal
2026-08-25T09:12:00Z,Server-02,Server,Operations,Database-02,Database,Operations,360.42,170.52,65.37,27.09,0.32,68.99,636,32.9,4,Low,Confidential,Role-Based,Low,Connected,Optimal,168.25,73,930,29,12,Normal
2026-08-25T09:24:00Z,Development,Department,Development,API-Gateway,API,IT,117.47,448.86,40.6,38.91,0.54,39.44,159,48.22,4,Normal,Confidential,Role-Based,Low,Connected,Optimal,475.01,514,32,4,2,Normal
2026-08-25T09:36:00Z,QA,Department,QA,API-Gateway,API,IT,275.82,735.23,50.95,42.07,0.11,54.1,500,77.12,6,Low,Confidential,Role-Based,Low,Connected,Optimal,624.57,1266,69,33,17,Normal
2026-08-25T09:48:00Z,API-Gateway,API,IT,Server-02,Server,Operations,437.87,116.25,79.1,67.6,0.15,81.65,613,92.18,2,High,Internal,Employee,Low,Connected,Optimal,82.61,1041,57,53,33,Normal
2026-08-25T10:00:00Z,API-Gateway,API,IT,Server-02,Server,Operations,378.92,251.32,73.87,46.74,0.61,62.79,709,59.59,7,Normal,Internal,Employee,Low,Connected,Optimal,258.32,1038,76,28,11,Normal
2026-08-25T10:12:00Z,Server-02,Server,Operations,Database-02,Database,Operations,192.16,419.17,33.47,54.87,0.35,33.7,339,88.87,2,Normal,Public,Open,Low,Connected,Optimal,418.71,44,332,23,11,Normal
2026-08-25T10:24:00Z,API-Gateway,API,IT,Server-02,Server,Operations,234.07,255.36,45.79,28.42,0.09,42.55,446,46.15,6,Normal,Internal,Employee,Low,Connected,Optimal,178.8,622,36,19,12,Normal
2026-08-25T10:36:00Z,Server-01,Server,Development,Database-02,Database,Operations,196.12,255.26,42.43,53.85,0.52,36.67,229,81.36,1,Normal,Internal,Employee,Low,Connected,Optimal,272.7,78,479,7,3,Normal
2026-08-25T10:48:00Z,Development,Department,Development,API-Gateway,API,IT,222.95,270.37,52.48,19.06,0.28,51.63,277,31.21,2,High,Public,Open,Low,Connected,Optimal,280.63,916,17,14,3,Normal
2026-08-25T11:00:00Z,Cloud-01,Cloud,Operations,Management,Department,Management,145.0,143.1,32.17,51.63,0.3,33.08,255,95.08,3,Normal,Restricted,Privileged,Low,Connected,Optimal,157.58,50,33,10,9,Normal
2026-08-25T11:12:00Z,Server-02,Server,Operations,Database-01,Database,Finance,585.49,387.85,89.94,57.61,10.35,88.67,968,87.27,6,Low,Internal,Employee,High,Degraded,Rerouted,427.36,77,820,35,7,Packet Loss
2026-08-25T11:24:00Z,API-Gateway,API,IT,Server-01,Server,Development,346.91,196.35,60.69,18.62,0.54,55.91,590,33.74,3,Low,Confidential,Role-Based,Low,Connected,Optimal,188.31,1120,99,16,10,Normal
2026-08-25T11:36:00Z,IoT-Gateway,IoT,Operations,Server-02,Server,Operations,538.99,315.5,88.95,78.93,0.58,84.23,655,117.6,4,High,Confidential,Role-Based,Low,Connected,Optimal,340.18,252,159,42,4061,Normal
2026-08-25T11:48:00Z,Server-02,Server,Operations,Database-02,Database,Operations,427.85,111.63,69.89,55.06,0.13,62.04,549,80.84,8,Normal,Confidential,Role-Based,Low,Connected,Optimal,92.12,205,831,50,16,Normal
2026-08-25T12:00:00Z,Database-01,Database,Finance,AI-Engine,AI,Management,104.56,615.81,26.79,18.88,0.62,22.25,135,24.98,3,Normal,Internal,Employee,Low,Connected,Optimal,462.77,50,212,87,3,Normal
2026-08-25T12:12:00Z,Server-02,Server,Operations,Database-02,Database,Operations,599.23,423.88,97.08,63.59,0.21,94.21,1078,98.75,5,High,Internal,Employee,Low,Connected,Optimal,476.3,107,1368,70,11,Normal
2026-08-25T12:24:00Z,Server-04,Server,Operations,Database-02,Database,Operations,176.06,592.14,45.97,49.44,0.37,38.19,280,79.75,6,Low,Internal,Employee,Low,Connected,Optimal,545.12,48,321,22,6,Normal
2026-08-25T12:36:00Z,Finance,Department,Finance,Database-01,Database,Finance,96.1,492.59,33.43,41.87,0.6,34.14,164,72.35,4,Normal,Internal,Employee,Low,Connected,Optimal,399.23,45,159,6,5,Normal
2026-08-25T12:48:00Z,Server-02,Server,Operations,Database-02,Database,Operations,465.07,235.88,75.61,40.31,0.32,68.98,564,54.25,2,Normal,Internal,Employee,Low,Connected,Optimal,185.4,91,889,38,8,Normal
2026-08-25T13:00:00Z,Server-01,Server,Development,Database-02,Database,Operations,341.2,423.12,51.92,28.36,0.27,45.86,548,39.94,1,Normal,Internal,Employee,Low,Connected,Optimal,485.95,109,615,23,8,Normal
2026-08-25T13:12:00Z,API-Gateway,API,IT,Server-01,Server,Development,604.32,190.0,97.07,96.63,0.45,84.43,983,129.83,4,Normal,Restricted,Privileged,Low,Connected,Optimal,204.19,1624,84,29,34,Normal
2026-08-25T13:24:00Z,HR,Department,HR,Server-01,Server,Development,40.3,146.3,20.17,55.65,0.42,20.49,77,64.48,0,Normal,Internal,Employee,Low,Connected,Optimal,124.84,19,4,4,0,Normal
2026-08-25T13:36:00Z,Development,Department,Development,API-Gateway,API,IT,432.78,314.95,75.13,32.36,0.53,80.15,460,42.84,4,Normal,Internal,Employee,Low,Connected,Optimal,330.4,1272,119,21,20,Normal
2026-08-25T13:48:00Z,Server-01,Server,Development,Database-01,Database,Finance,1300.36,106.62,91.58,30.81,0.5,95.58,1272,37.19,5,Normal,Internal,Employee,Medium,Connected,Optimal,85.74,497,3258,89,71,Traffic Spike
2026-08-25T14:00:00Z,IoT-Gateway,IoT,Operations,Cloud-01,Cloud,Operations,403.95,503.94,71.16,59.64,0.28,68.43,637,106.52,6,Normal,Internal,Employee,Low,Connected,Optimal,522.61,132,49,10,2602,Normal
2026-08-25T14:12:00Z,Database-01,Database,Finance,AI-Engine,AI,Management,538.71,361.87,84.58,42.6,0.04,78.86,679,56.45,6,Low,Restricted,Privileged,Low,Connected,Optimal,389.44,177,1616,969,28,Normal
2026-08-25T14:24:00Z,API-Gateway,API,IT,Server-02,Server,Operations,126.18,416.51,33.86,43.36,0.6,29.36,218,69.14,1,Normal,Internal,Employee,Low,Connected,Optimal,417.16,551,16,12,2,Normal
2026-08-25T14:36:00Z,IoT-Gateway,IoT,Operations,Cloud-01,Cloud,Operations,396.47,454.75,66.54,29.21,0.22,71.34,539,44.11,6,Critical,Internal,Employee,Low,Connected,Optimal,429.36,105,38,22,2688,Normal
2026-08-25T14:48:00Z,Server-03,Server,IT,Cloud-01,Cloud,Operations,369.33,227.34,64.93,54.96,0.29,65.03,410,100.65,4,Normal,Internal,Employee,Low,Connected,Optimal,215.63,50,110,47,13,Normal
2026-08-25T15:00:00Z,HR,Department,HR,Server-01,Server,Development,163.13,475.27,42.79,37.37,0.18,44.38,328,49.35,2,Normal,Internal,Employee,Low,Connected,Optimal,529.85,49,44,19,3,Normal
2026-08-25T15:12:00Z,AI-Engine,AI,Management,Cloud-01,Cloud,Operations,283.01,565.48,53.65,50.46,0.19,48.16,442,93.32,2,Normal,Internal,Employee,Low,Connected,Optimal,536.28,89,46,259,4,Normal
2026-08-25T15:24:00Z,Server-04,Server,Operations,Database-02,Database,Operations,258.09,269.48,55.43,17.83,0.49,55.62,458,25.33,5,High,Confidential,Role-Based,Low,Connected,Optimal,307.58,76,303,19,12,Normal
2026-08-25T15:36:00Z,IoT-Gateway,IoT,Operations,Server-02,Server,Operations,550.27,270.14,86.57,61.19,0.47,80.22,857,76.99,0,Normal,Confidential,Role-Based,Low,Connected,Optimal,268.1,242,144,66,2696,Normal
2026-08-25T15:48:00Z,API-Gateway,API,IT,Server-03,Server,IT,352.75,546.56,68.72,18.52,0.05,67.63,647,34.22,7,High,Internal,Employee,Low,Connected,Optimal,406.8,1305,94,23,19,Normal
2026-08-25T16:00:00Z,IoT-Gateway,IoT,Operations,Server-02,Server,Operations,113.84,434.98,29.16,31.74,0.1,27.94,198,54.11,3,High,Internal,Employee,Low,Connected,Optimal,351.62,52,9,7,486,Normal
2026-08-25T16:12:00Z,API-Gateway,API,IT,Server-02,Server,Operations,93.73,438.91,37.65,44.46,0.11,35.2,151,69.41,4,Normal,Internal,Employee,Low,Connected,Optimal,356.63,406,9,5,3,Normal
2026-08-25T16:24:00Z,API-Gateway,API,IT,Server-01,Server,Development,409.46,0,77.8,42.12,100,77.11,507,1123.2,5,Low,Internal,Employee,High,Failed,Blocked,0,1019,102,15,6,Failed Connection
2026-08-25T16:36:00Z,API-Gateway,API,IT,Server-02,Server,Operations,447.79,421.7,76.86,34.15,0.07,75.57,456,58.13,3,Low,Internal,Employee,Low,Connected,Optimal,320.12,2028,58,28,7,Normal
2026-08-25T16:48:00Z,Database-02,Database,Operations,AI-Engine,AI,Management,292.08,377.05,54.65,27.45,0.12,57.8,549,50.15,3,High,Internal,Employee,Low,Connected,Optimal,276.71,117,453,402,15,Normal
2026-08-25T17:00:00Z,Server-01,Server,Development,Database-01,Database,Finance,417.53,367.59,62.54,32.57,0.18,53.3,552,54.54,9,Normal,Internal,Employee,Low,Connected,Optimal,362.94,103,1022,29,20,Normal
2026-08-25T17:12:00Z,IoT-Gateway,IoT,Operations,Cloud-01,Cloud,Operations,162.24,494.12,41.44,42.69,0.31,41.54,278,52.58,4,Critical,Internal,Employee,Low,Connected,Optimal,398.09,51,23,9,1256,Normal
2026-08-25T17:24:00Z,Server-04,Server,Operations,Database-02,Database,Operations,206.86,522.76,48.31,53.19,0.43,50.08,338,96.13,4,Normal,Confidential,Role-Based,Low,Connected,Optimal,417.04,57,325,11,16,Normal
2026-08-25T17:36:00Z,API-Gateway,API,IT,Security-Hub,Security,IT,193.9,583.81,34.74,27.59,0.63,37.05,356,33.5,4,Critical,Public,Open,Low,Connected,Optimal,496.29,924,47,7,12,Normal
2026-08-25T17:48:00Z,Server-02,Server,Operations,Database-02,Database,Operations,307.7,470.49,51.72,48.52,0.51,50.42,391,89.23,8,Critical,Internal,Employee,Low,Connected,Optimal,498.4,44,871,8,8,Normal
2026-08-25T18:00:00Z,AI-Engine,AI,Management,Cloud-01,Cloud,Operations,283.52,83.29,49.35,21.32,0.28,41.93,309,31.21,1,Normal,Internal,Employee,Low,Connected,Optimal,81.35,110,78,384,6,Normal
2026-08-25T18:12:00Z,Server-03,Server,IT,Cloud-01,Cloud,Operations,60.89,749.07,32.68,33.9,0.08,32.85,117,60.33,5,Normal,Internal,Employee,Low,Connected,Optimal,566.89,21,11,6,1,Normal
2026-08-25T18:24:00Z,Server-02,Server,Operations,Database-02,Database,Operations,178.98,319.14,39.57,49.31,0.08,39.18,340,75.74,5,High,Internal,Employee,Low,Connected,Optimal,342.22,46,458,9,4,Normal
2026-08-25T18:36:00Z,API-Gateway,API,IT,Server-02,Server,Operations,444.38,384.34,72.73,26.45,0.06,67.81,735,37.32,4,Normal,Public,Open,Low,Connected,Optimal,434.48,1548,96,28,31,Normal
2026-08-25T18:48:00Z,IoT-Gateway,IoT,Operations,Cloud-01,Cloud,Operations,163.09,694.77,30.81,28.08,0.21,26.1,259,35.33,0,Normal,Internal,Employee,Low,Connected,Optimal,522.26,34,17,10,946,Normal
2026-08-25T19:00:00Z,Database-02,Database,Operations,AI-Engine,AI,Management,176.67,606.16,91.63,178.61,0.43,91.29,201,55.77,55,High,Restricted,Privileged,Medium,Connected,Congested,463.01,62,205,259,3,Network Congestion
2026-08-25T19:12:00Z,Server-01,Server,Development,Database-01,Database,Finance,168.14,269.28,43.49,48.63,0.37,36.63,197,61.28,0,Normal,Confidential,Role-Based,Low,Connected,Optimal,247.34,46,276,18,1,Normal
2026-08-25T19:24:00Z,Server-01,Server,Development,Database-01,Database,Finance,145.97,431.21,36.56,44.02,0.04,33.74,248,50.86,0,Normal,Internal,Employee,Low,Connected,Optimal,328.47,29,256,1,8,Normal
2026-08-25T19:36:00Z,Management,Department,Management,AI-Engine,AI,Management,68.91,627.43,27.41,51.0,0.53,22.99,153,60.16,7,High,Internal,Employee,Low,Connected,Optimal,601.09,26,10,44,0,Normal
2026-08-25T19:48:00Z,API-Gateway,API,IT,Server-03,Server,IT,255.14,460.98,56.09,54.63,0.07,58.31,323,85.34,5,Normal,Internal,Employee,Low,Connected,Optimal,387.05,719,34,8,10,Normal
2026-08-25T20:00:00Z,HR,Department,HR,Server-01,Server,Development,67.22,777.33,24.49,46.55,0.53,25.27,112,58.3,3,High,Internal,Employee,Low,Connected,Optimal,606.1,27,11,7,4,Normal
2026-08-25T20:12:00Z,Server-01,Server,Development,Database-02,Database,Operations,236.73,506.4,50.31,42.23,0.56,49.45,283,50.58,7,Normal,Internal,Employee,Low,Connected,Optimal,417.07,28,500,11,8,Normal
2026-08-25T20:24:00Z,Development,Department,Development,API-Gateway,API,IT,354.93,96.07,68.84,53.1,0.4,65.52,505,81.67,7,Normal,Confidential,Role-Based,Low,Connected,Optimal,95.43,981,59,10,1,Normal
2026-08-25T20:36:00Z,QA,Department,QA,API-Gateway,API,IT,231.36,348.14,51.07,37.19,0.12,45.17,337,54.21,0,Normal,Internal,Employee,Low,Connected,Optimal,302.11,612,35,12,11,Normal
2026-08-25T20:48:00Z,AI-Engine,AI,Management,Cloud-01,Cloud,Operations,241.84,109.6,41.19,44.49,0.19,41.53,398,79.39,5,Normal,Internal,Employee,Low,Connected,Optimal,93.98,117,54,244,11,Normal
2026-08-25T21:00:00Z,IoT-Gateway,IoT,Operations,Cloud-01,Cloud,Operations,114.44,340.95,38.21,50.15,0.44,39.56,217,81.74,1,Normal,Internal,Employee,Low,Connected,Optimal,303.62,28,16,3,465,Normal
2026-08-25T21:12:00Z,IoT-Gateway,IoT,Operations,Cloud-01,Cloud,Operations,74.78,242.42,21.6,19.24,0.55,18.28,157,33.38,2,Normal,Confidential,Role-Based,Low,Connected,Optimal,183.99,18,6,8,512,Normal
2026-08-25T21:24:00Z,AI-Engine,AI,Management,Cloud-01,Cloud,Operations,48.44,304.78,23.3,44.41,0.16,21.8,94,74.34,1,Normal,Internal,Employee,Low,Connected,Optimal,255.79,20,8,76,1,Normal
2026-08-25T21:36:00Z,IoT-Gateway,IoT,Operations,Cloud-01,Cloud,Operations,301.99,396.73,31.01,32.04,0.35,33.22,251,54.81,4,Critical,Restricted,Denied,Critical,Degraded,Rerouted,296.02,132,79,14,2058,Suspicious Traffic
2026-08-25T21:48:00Z,API-Gateway,API,IT,Server-02,Server,Operations,172.61,134.43,38.92,55.75,0.15,36.48,247,65.15,4,Low,Internal,Employee,Low,Connected,Optimal,108.37,825,24,2,12,Normal
2026-08-25T22:00:00Z,AI-Engine,AI,Management,Cloud-01,Cloud,Operations,116.45,490.47,26.68,28.05,0.54,26.7,157,46.11,2,Low,Internal,Employee,Low,Connected,Optimal,527.62,37,26,138,1,Normal
2026-08-25T22:12:00Z,API-Gateway,API,IT,Server-02,Server,Operations,76.48,88.3,26.88,49.34,0.3,22.82,169,77.36,2,Low,Internal,Employee,Low,Connected,Optimal,71.42,170,12,6,1,Normal
2026-08-25T22:24:00Z,Server-01,Server,Development,Database-01,Database,Finance,118.48,119.95,41.99,18.84,0.35,39.97,250,28.98,1,Normal,Restricted,Privileged,Low,Connected,Optimal,97.65,12,317,6,6,Normal
2026-08-25T22:36:00Z,Server-03,Server,IT,Cloud-01,Cloud,Operations,106.82,576.22,29.01,17.86,0.36,29.93,150,30.28,4,Normal,Confidential,Role-Based,Low,Connected,Optimal,567.16,45,7,11,3,Normal
2026-08-25T22:48:00Z,API-Gateway,API,IT,Server-02,Server,Operations,35.53,158.58,15.09,55.2,0.34,16.25,87,73.27,1,Normal,Confidential,Role-Based,Low,Connected,Optimal,172.79,99,2,2,2,Normal
2026-08-25T23:00:00Z,Database-01,Database,Finance,AI-Engine,AI,Management,140.75,297.84,44.69,36.84,0.33,47.39,230,63.03,2,High,Public,Open,Low,Connected,Optimal,289.24,60,308,129,0,Normal
2026-08-25T23:12:00Z,Server-04,Server,Operations,Database-02,Database,Operations,50.04,533.7,23.77,44.97,0.23,19.75,122,62.81,3,Critical,Restricted,Privileged,Low,Connected,Optimal,391.61,17,91,5,2,Normal
2026-08-25T23:24:00Z,Cloud-01,Cloud,Operations,Management,Department,Management,21.11,556.2,26.64,17.46,0.05,27.24,63,24.76,2,Normal,Internal,Employee,Low,Connected,Optimal,559.3,10,3,2,0,Normal
2026-08-25T23:36:00Z,Server-02,Server,Operations,Database-01,Database,Finance,97.3,346.68,26.36,20.76,0.48,25.03,159,32.04,2,Normal,Restricted,Privileged,Low,Connected,Optimal,287.23,45,202,2,6,Normal
2026-08-25T23:48:00Z,Server-01,Server,Development,Database-02,Database,Operations,111.01,420.93,25.12,44.64,0.55,22.68,172,53.37,3,Normal,Confidential,Role-Based,Low,Connected,Optimal,455.92,42,327,10,7,Normal
2026-08-26T00:00:00Z,Server-02,Server,Operations,Database-01,Database,Finance,50.69,150.43,18.68,49.2,0.03,18.01,100,84.25,0,Low,Internal,Employee,Low,Connected,Optimal,172.97,19,109,5,3,Normal
2026-08-26T00:12:00Z,API-Gateway,API,IT,Server-02,Server,Operations,118.6,562.13,32.56,44.56,0.23,95.52,228,170.9,51,Normal,Restricted,Privileged,Medium,Degraded,Optimal,524.55,321,10,15,2,API Overload
2026-08-26T00:24:00Z,IoT-Gateway,IoT,Operations,Cloud-01,Cloud,Operations,78.44,280.16,20.99,24.24,0.62,18.71,152,38.31,4,Normal,Internal,Employee,Low,Connected,Optimal,217.69,27,21,4,597,Normal
2026-08-26T00:36:00Z,Development,Department,Development,API-Gateway,API,IT,175.77,98.03,48.51,48.38,0.18,42.44,286,76.57,5,Low,Confidential,Role-Based,Low,Connected,Optimal,92.69,654,22,7,11,Normal
2026-08-26T00:48:00Z,Server-01,Server,Development,Database-01,Database,Finance,88.88,436.52,23.68,33.46,0.31,21.52,129,58.65,0,Normal,Internal,Employee,Low,Connected,Optimal,454.99,27,116,3,0,Normal
2026-08-26T01:00:00Z,Server-01,Server,Development,Database-02,Database,Operations,32.98,138.5,31.04,52.29,0.28,33.22,94,89.92,9,Critical,Confidential,Role-Based,Low,Connected,Optimal,108.78,5,101,2,2,Normal
2026-08-26T01:12:00Z,Server-02,Server,Operations,Database-01,Database,Finance,45.41,234.54,23.77,26.11,0.38,19.79,90,40.95,3,Normal,Public,Open,Low,Connected,Optimal,175.53,6,73,2,1,Normal
2026-08-26T01:24:00Z,Development,Department,Development,API-Gateway,API,IT,38.86,308.29,21.26,28.12,0.26,19.93,92,48.59,0,Normal,Internal,Employee,Low,Connected,Optimal,233.66,81,5,5,1,Normal
2026-08-26T01:36:00Z,API-Gateway,API,IT,Security-Hub,Security,IT,21.21,552.41,19.81,17.69,0.03,19.92,72,26.78,4,Normal,Restricted,Privileged,Low,Connected,Optimal,465.87,63,4,2,1,Normal
2026-08-26T01:48:00Z,Server-02,Server,Operations,Database-01,Database,Finance,116.12,276.81,34.29,35.95,0.02,31.07,153,51.82,7,Normal,Confidential,Role-Based,Low,Connected,Optimal,302.4,40,266,5,6,Normal
2026-08-26T02:00:00Z,Cloud-01,Cloud,Operations,Management,Department,Management,49.66,274.53,16.98,36.18,0.35,17.11,117,51.23,2,Normal,Confidential,Role-Based,Low,Connected,Optimal,215.74,13,7,3,0,Normal
2026-08-26T02:12:00Z,Server-02,Server,Operations,Database-01,Database,Finance,133.26,268.83,41.52,46.55,0.46,39.65,225,86.06,1,Normal,Internal,Employee,Low,Connected,Optimal,303.91,37,288,10,7,Normal
2026-08-26T02:24:00Z,IoT-Gateway,IoT,Operations,Server-02,Server,Operations,136.88,438.46,31.45,36.34,0.62,28.07,197,65.73,6,High,Confidential,Role-Based,Low,Connected,Optimal,403.4,39,26,17,904,Normal
2026-08-26T02:36:00Z,API-Gateway,API,IT,Server-02,Server,Operations,119.81,317.8,40.73,32.57,0.23,41.59,161,38.42,3,Critical,Public,Open,Low,Connected,Optimal,354.6,451,28,4,7,Normal
2026-08-26T02:48:00Z,API-Gateway,API,IT,Database-01,Database,Finance,117.99,192.0,26.35,227.79,0.16,91.04,240,393.25,80,Normal,Internal,Employee,High,Degraded,Optimal,175.65,282,357,6,6,Database Overload
2026-08-26T03:00:00Z,IoT-Gateway,IoT,Operations,Cloud-01,Cloud,Operations,30.21,470.53,23.32,46.37,0.61,24.66,69,81.96,3,Normal,Restricted,Privileged,Low,Connected,Optimal,540.5,7,5,3,235,Normal
2026-08-26T03:12:00Z,IoT-Gateway,IoT,Operations,Cloud-01,Cloud,Operations,118.64,99.83,34.69,20.51,0.64,31.01,250,31.38,0,High,Internal,Employee,Low,Connected,Optimal,78.54,17,10,8,508,Normal
2026-08-26T03:24:00Z,API-Gateway,API,IT,Server-01,Server,Development,162.92,386.96,40.09,47.81,0.12,41.8,316,82.65,4,Normal,Internal,Employee,Low,Connected,Optimal,387.41,383,13,8,3,Normal
2026-08-26T03:36:00Z,API-Gateway,API,IT,Server-02,Server,Operations,66.04,415.34,35.23,28.68,0.47,28.99,136,46.89,3,Normal,Internal,Employee,Low,Connected,Optimal,384.66,296,14,3,0,Normal
2026-08-26T03:48:00Z,IoT-Gateway,IoT,Operations,Cloud-01,Cloud,Operations,53.3,497.1,20.44,21.61,0.11,20.74,115,31.14,2,Normal,Internal,Employee,Low,Connected,Optimal,468.21,19,5,2,361,Normal
2026-08-26T04:00:00Z,IoT-Gateway,IoT,Operations,Server-02,Server,Operations,41.59,273.13,27.74,19.28,0.37,23.19,95,28.99,0,Normal,Internal,Employee,Low,Connected,Optimal,205.47,7,8,0,230,Normal
2026-08-26T04:12:00Z,AI-Engine,AI,Management,Cloud-01,Cloud,Operations,88.86,344.46,29.06,18.42,0.31,29.93,175,26.3,2,High,Confidential,Role-Based,Low,Connected,Optimal,330.76,10,12,51,7,Normal
2026-08-26T04:24:00Z,IoT-Gateway,IoT,Operations,Cloud-01,Cloud,Operations,27.91,706.54,13.98,33.17,0.5,14.24,87,53.15,0,Normal,Confidential,Role-Based,Low,Connected,Optimal,782.88,6,6,2,159,Normal
2026-08-26T04:36:00Z,Server-03,Server,IT,Cloud-01,Cloud,Operations,59.22,210.87,26.89,38.21,0.48,23.61,91,44.55,5,Normal,Confidential,Role-Based,Low,Connected,Optimal,199.28,18,15,2,1,Normal
2026-08-26T04:48:00Z,API-Gateway,API,IT,Server-02,Server,Operations,177.72,402.03,33.7,50.0,0.28,34.35,339,58.05,3,Low,Internal,Employee,Low,Connected,Optimal,408.66,345,41,11,3,Normal
2026-08-26T05:00:00Z,API-Gateway,API,IT,Server-01,Server,Development,185.53,82.61,41.7,28.15,0.53,42.12,258,44.15,4,High,Internal,Employee,Low,Connected,Optimal,69.04,413,39,7,4,Normal
2026-08-26T05:12:00Z,Development,Department,Development,API-Gateway,API,IT,190.05,447.37,49.58,42.29,0.28,47.05,375,76.51,2,Normal,Internal,Employee,Low,Connected,Optimal,343.2,556,45,13,12,Normal
2026-08-26T05:24:00Z,API-Gateway,API,IT,Server-02,Server,Operations,141.15,439.44,43.68,300.67,0.63,42.15,182,543.69,0,Normal,Internal,Employee,Medium,Connected,Congested,413.53,605,8,8,6,High Latency
2026-08-26T05:36:00Z,Development,Department,Development,API-Gateway,API,IT,42.5,414.53,25.76,44.2,0.15,22.52,110,60.21,3,Normal,Confidential,Role-Based,Low,Connected,Optimal,429.5,172,11,4,2,Normal
2026-08-26T05:48:00Z,Server-01,Server,Development,Database-01,Database,Finance,58.8,243.85,22.27,35.58,0.43,20.04,109,62.91,0,Normal,Confidential,Role-Based,Low,Connected,Optimal,249.97,23,102,2,1,Normal
2026-08-26T06:00:00Z,Development,Department,Development,API-Gateway,API,IT,175.82,386.8,31.73,39.24,0.38,31.96,242,50.51,3,Normal,Internal,Employee,Low,Connected,Optimal,434.98,494,42,12,10,Normal
2026-08-26T06:12:00Z,Database-01,Database,Finance,AI-Engine,AI,Management,83.91,492.54,26.57,21.88,0.36,23.06,180,40.33,5,Critical,Internal,Employee,Low,Connected,Optimal,530.75,10,229,47,0,Normal
2026-08-26T06:24:00Z,Finance,Department,Finance,Database-01,Database,Finance,60.67,156.26,20.12,25.19,0.3,16.81,127,45.43,4,Low,Internal,Employee,Low,Connected,Optimal,138.3,6,154,4,1,Normal
2026-08-26T06:36:00Z,Server-02,Server,Operations,Database-01,Database,Finance,147.82,250.88,44.94,23.53,0.6,42.98,203,37.27,1,Normal,Internal,Employee,Low,Connected,Optimal,265.36,19,446,10,2,Normal
2026-08-26T06:48:00Z,Server-04,Server,Operations,Database-02,Database,Operations,49.37,695.09,17.47,57.65,0.43,14.47,100,81.52,0,High,Internal,Employee,Low,Connected,Optimal,750.97,17,87,6,3,Normal
2026-08-26T07:00:00Z,IoT-Gateway,IoT,Operations,Server-02,Server,Operations,364.2,172.61,70.64,48.77,0.37,62.9,668,79.45,6,Normal,Internal,Employee,Low,Connected,Optimal,171.95,62,95,4,1469,Normal
2026-08-26T07:12:00Z,Finance,Department,Finance,Database-01,Database,Finance,160.11,714.32,46.25,28.57,0.37,44.73,304,46.39,1,High,Confidential,Role-Based,Low,Connected,Optimal,721.59,21,414,8,1,Normal
2026-08-26T07:24:00Z,API-Gateway,API,IT,Server-01,Server,Development,99.62,310.04,33.2,41.02,0.63,30.04,184,69.66,2,Normal,Internal,Employee,Low,Connected,Optimal,294.18,291,9,8,3,Normal
2026-08-26T07:36:00Z,Database-02,Database,Operations,AI-Engine,AI,Management,99.86,288.55,23.5,27.25,0.25,24.06,141,38.78,1,Critical,Internal,Employee,Low,Connected,Optimal,300.84,14,127,105,4,Normal
2026-08-26T07:48:00Z,Server-02,Server,Operations,Database-01,Database,Finance,109.64,101.71,33.35,41.07,0.51,34.83,137,59.13,4,High,Confidential,Role-Based,Low,Connected,Optimal,96.81,54,173,8,6,Normal
2026-08-26T08:00:00Z,Management,Department,Management,AI-Engine,AI,Management,59.32,304.82,84.17,23.02,0.19,94.66,133,67.82,35,Normal,Internal,Employee,High,Degraded,Optimal,258.94,20,14,55,1,Server Overload
2026-08-26T08:12:00Z,AI-Engine,AI,Management,Cloud-01,Cloud,Operations,351.6,586.47,55.33,29.47,0.62,48.26,453,53.78,3,Critical,Internal,Employee,Low,Connected,Optimal,593.93,104,68,286,10,Normal
2026-08-26T08:24:00Z,AI-Engine,AI,Management,Cloud-01,Cloud,Operations,198.09,134.79,44.31,40.87,0.36,44.18,314,74.27,0,Normal,Internal,Employee,Low,Connected,Optimal,136.38,84,49,204,7,Normal
2026-08-26T08:36:00Z,Server-03,Server,IT,Cloud-01,Cloud,Operations,119.27,526.0,37.42,49.14,0.06,40.32,196,70.3,4,Normal,Restricted,Privileged,Low,Connected,Optimal,531.93,37,29,6,8,Normal
2026-08-26T08:48:00Z,Server-02,Server,Operations,Database-01,Database,Finance,354.56,99.68,67.08,43.62,0.24,66.29,371,80.2,4,High,Restricted,Privileged,Low,Connected,Optimal,89.08,36,573,27,14,Normal
2026-08-26T09:00:00Z,Server-02,Server,Operations,Database-02,Database,Operations,297.06,289.72,53.27,48.44,0.39,50.61,397,56.54,2,Normal,Internal,Employee,Low,Connected,Optimal,328.19,43,885,8,7,Normal
2026-08-26T09:12:00Z,Server-01,Server,Development,Database-02,Database,Operations,106.71,448.0,31.58,34.4,0.46,28.52,162,59.07,6,Normal,Confidential,Role-Based,Low,Connected,Optimal,346.74,52,169,3,1,Normal
2026-08-26T09:24:00Z,Server-02,Server,Operations,Database-02,Database,Operations,466.47,184.43,74.18,32.4,0.42,69.16,470,51.18,9,Normal,Internal,Employee,Low,Connected,Optimal,161.37,178,705,50,30,Normal
2026-08-26T09:36:00Z,Development,Department,Development,API-Gateway,API,IT,132.28,443.99,29.5,29.69,0.3,26.2,259,45.11,0,Normal,Internal,Employee,Low,Connected,Optimal,380.31,573,27,15,7,Normal
2026-08-26T09:48:00Z,API-Gateway,API,IT,Server-02,Server,Operations,359.57,105.44,56.26,20.95,0.21,48.81,586,31.58,1,Normal,Internal,Employee,Low,Connected,Optimal,92.01,847,75,36,18,Normal
2026-08-26T10:00:00Z,Security-Hub,Security,IT,Cloud-01,Cloud,Operations,119.63,468.79,27.11,29.21,0.3,22.61,184,33.79,5,Critical,Internal,Employee,Low,Connected,Optimal,432.57,44,18,14,4,Normal
2026-08-26T10:12:00Z,QA,Department,QA,API-Gateway,API,IT,64.0,647.12,23.06,27.54,0.35,19.92,121,45.99,5,High,Internal,Employee,Low,Connected,Optimal,485.95,137,15,7,1,Normal
2026-08-26T10:24:00Z,AI-Engine,AI,Management,Cloud-01,Cloud,Operations,93.42,452.46,31.23,57.57,0.08,32.35,185,78.2,5,Normal,Confidential,Role-Based,Low,Connected,Optimal,406.12,46,22,75,6,Normal
2026-08-26T10:36:00Z,Server-02,Server,Operations,Database-02,Database,Operations,243.26,420.14,51.06,22.97,13.16,44.61,302,27.37,4,Normal,Internal,Employee,High,Degraded,Rerouted,479.19,52,546,32,10,Packet Loss
2026-08-26T10:48:00Z,IoT-Gateway,IoT,Operations,Server-02,Server,Operations,493.58,128.99,83.69,55.26,0.05,74.66,773,90.68,7,Normal,Internal,Employee,Low,Connected,Optimal,139.25,126,42,45,3030,Normal
2026-08-26T11:00:00Z,API-Gateway,API,IT,Security-Hub,Security,IT,53.02,694.82,30.31,32.92,0.49,30.32,127,48.34,3,Normal,Internal,Employee,Low,Connected,Optimal,758.05,230,3,7,2,Normal
2026-08-26T11:12:00Z,Server-04,Server,Operations,Database-02,Database,Operations,342.14,671.91,58.88,56.66,0.54,55.86,445,76.41,3,High,Confidential,Role-Based,Low,Connected,Optimal,740.69,138,407,31,22,Normal
2026-08-26T11:24:00Z,Development,Department,Development,API-Gateway,API,IT,613.19,131.62,93.0,92.65,0.28,100,1091,163.76,8,Normal,Confidential,Role-Based,Low,Connected,Optimal,144.05,1275,85,12,32,Normal
2026-08-26T11:36:00Z,Server-03,Server,IT,Cloud-01,Cloud,Operations,86.67,504.3,33.64,47.72,0.28,28.38,123,62.01,5,Normal,Internal,Employee,Low,Connected,Optimal,354.84,20,6,10,4,Normal
2026-08-26T11:48:00Z,Server-01,Server,Development,Database-02,Database,Operations,142.6,166.23,41.9,20.33,0.25,37.62,215,34.96,4,High,Internal,Employee,Low,Connected,Optimal,167.01,18,317,12,1,Normal
2026-08-26T12:00:00Z,API-Gateway,API,IT,Server-03,Server,IT,164.57,539.82,46.63,41.88,0.29,40.87,318,52.26,6,Normal,Internal,Employee,Low,Connected,Optimal,570.04,418,34,6,7,Normal
2026-08-26T12:12:00Z,Database-01,Database,Finance,AI-Engine,AI,Management,213.0,609.83,36.46,51.58,0.57,31.84,346,66.12,5,Normal,Internal,Employee,Low,Connected,Optimal,641.97,88,336,213,4,Normal
2026-08-26T12:24:00Z,Server-03,Server,IT,Cloud-01,Cloud,Operations,100.01,676.98,22.41,31.17,0.21,20.63,203,45.02,0,Normal,Restricted,Privileged,Low,Connected,Optimal,496.12,33,5,3,7,Normal
2026-08-26T12:36:00Z,IoT-Gateway,IoT,Operations,Cloud-01,Cloud,Operations,234.08,281.76,51.37,48.22,0.28,47.5,383,73.6,3,Normal,Internal,Employee,Low,Connected,Optimal,207.25,109,68,7,1084,Normal
2026-08-26T12:48:00Z,Server-02,Server,Operations,Database-02,Database,Operations,517.21,390.16,84.65,52.34,0.29,90.4,614,69.15,9,Normal,Public,Open,Low,Connected,Optimal,390.05,187,750,6,5,Normal
2026-08-26T13:00:00Z,Development,Department,Development,API-Gateway,API,IT,423.38,214.18,70.94,54.66,0.18,65.03,704,96.29,5,High,Internal,Employee,Low,Connected,Optimal,236.66,1187,66,33,8,Normal
2026-08-26T13:12:00Z,Cloud-01,Cloud,Operations,Management,Department,Management,599.34,473.62,85.64,18.33,0.56,88.14,749,31.0,6,Normal,Confidential,Role-Based,High,Connected,Optimal,413.15,95,169,72,26,Traffic Spike
2026-08-26T13:24:00Z,IoT-Gateway,IoT,Operations,Cloud-01,Cloud,Operations,395.52,368.96,64.03,33.48,0.47,57.02,421,47.24,2,Normal,Confidential,Role-Based,Low,Connected,Optimal,288.05,166,116,53,1322,Normal
2026-08-26T13:36:00Z,Server-01,Server,Development,Database-02,Database,Operations,181.96,707.11,38.08,39.23,0.02,33.21,294,53.46,1,Normal,Internal,Employee,Low,Connected,Optimal,740.82,32,527,19,3,Normal
2026-08-26T13:48:00Z,Development,Department,Development,API-Gateway,API,IT,374.69,164.44,61.93,51.26,0.57,66.09,375,82.54,4,High,Confidential,Role-Based,Low,Connected,Optimal,122.8,1269,41,27,1,Normal
2026-08-26T14:00:00Z,Security-Hub,Security,IT,Cloud-01,Cloud,Operations,186.07,174.83,49.27,53.69,0.34,49.38,267,98.36,5,Normal,Confidential,Role-Based,Low,Connected,Optimal,128.27,60,29,25,3,Normal
2026-08-26T14:12:00Z,API-Gateway,API,IT,Server-02,Server,Operations,288.26,437.14,57.77,46.88,0.21,51.45,316,60.57,5,High,Internal,Employee,Low,Connected,Optimal,336.57,661,47,18,12,Normal
2026-08-26T14:24:00Z,Cloud-01,Cloud,Operations,Management,Department,Management,91.54,334.39,25.93,21.04,0.11,25.89,188,34.45,6,Normal,Internal,Employee,Low,Connected,Optimal,271.43,22,16,8,1,Normal
2026-08-26T14:36:00Z,Security-Hub,Security,IT,Cloud-01,Cloud,Operations,42.03,405.61,23.27,47.42,0.17,21.87,106,59.17,3,Low,Confidential,Role-Based,Low,Connected,Optimal,463.27,6,10,2,2,Normal
2026-08-26T14:48:00Z,Server-03,Server,IT,Cloud-01,Cloud,Operations,299.48,263.6,61.15,16.92,0.05,64.49,427,20.98,9,Normal,Public,Open,Low,Connected,Optimal,239.2,50,57,34,9,Normal
2026-08-26T15:00:00Z,Development,Department,Development,API-Gateway,API,IT,500.8,138.1,74.94,33.57,0.19,78.66,504,53.16,4,Normal,Internal,Employee,Low,Connected,Optimal,122.28,1728,32,23,5,Normal
2026-08-26T15:12:00Z,API-Gateway,API,IT,Server-01,Server,Development,641.74,277.15,99.61,93.95,0.52,100,1067,131.66,6,High,Internal,Employee,Low,Connected,Optimal,242.44,1501,83,24,45,Normal
2026-08-26T15:24:00Z,Database-02,Database,Operations,AI-Engine,AI,Management,74.35,840.78,28.6,48.21,0.65,30.69,111,77.6,1,Normal,Confidential,Role-Based,Low,Connected,Optimal,935.59,9,229,58,5,Normal
2026-08-26T15:36:00Z,AI-Engine,AI,Management,Cloud-01,Cloud,Operations,246.2,515.59,55.24,23.4,0.39,56.87,414,41.87,8,Critical,Internal,Employee,Low,Connected,Optimal,491.56,43,73,405,9,Normal
2026-08-26T15:48:00Z,API-Gateway,API,IT,Server-02,Server,Operations,344.05,0,56.14,25.19,100,46.05,631,1355.33,4,Normal,Confidential,Role-Based,High,Failed,Blocked,0,771,77,9,3,Failed Connection
2026-08-26T16:00:00Z,Server-02,Server,Operations,Database-01,Database,Finance,291.02,94.23,58.17,43.81,0.39,52.79,384,80.31,4,Normal,Internal,Employee,Low,Connected,Optimal,79.42,111,647,36,14,Normal
2026-08-26T16:12:00Z,API-Gateway,API,IT,Server-03,Server,IT,320.66,579.91,55.92,46.83,0.2,48.43,327,76.86,1,Normal,Confidential,Role-Based,Low,Connected,Optimal,607.09,1123,30,16,20,Normal
2026-08-26T16:24:00Z,Server-02,Server,Operations,Database-02,Database,Operations,375.88,121.55,64.77,29.91,0.06,58.95,484,47.71,9,High,Confidential,Role-Based,Low,Connected,Optimal,103.45,39,571,37,10,Normal
2026-08-26T16:36:00Z,Database-02,Database,Operations,AI-Engine,AI,Management,253.5,141.57,48.8,33.63,0.12,45.27,467,46.94,3,Normal,Confidential,Role-Based,Low,Connected,Optimal,149.34,83,663,201,9,Normal
2026-08-26T16:48:00Z,AI-Engine,AI,Management,Cloud-01,Cloud,Operations,88.33,85.54,25.47,20.4,0.23,26.77,130,24.53,8,Normal,Restricted,Privileged,Low,Connected,Optimal,94.26,33,13,119,4,Normal
2026-08-26T17:00:00Z,Server-01,Server,Development,Database-01,Database,Finance,94.91,248.82,39.11,33.19,0.36,41.49,169,53.52,1,Normal,Internal,Employee,Low,Connected,Optimal,218.17,30,197,1,0,Normal
2026-08-26T17:12:00Z,QA,Department,QA,API-Gateway,API,IT,294.03,549.78,54.5,20.07,0.14,53.74,561,29.74,8,Normal,Confidential,Role-Based,Low,Connected,Optimal,450.41,1095,43,17,8,Normal
2026-08-26T17:24:00Z,API-Gateway,API,IT,Server-01,Server,Development,111.26,241.47,28.31,51.16,0.37,24.33,207,62.29,5,High,Confidential,Role-Based,Low,Connected,Optimal,214.01,452,11,1,3,Normal
2026-08-26T17:36:00Z,Server-02,Server,Operations,Database-01,Database,Finance,528.08,363.09,91.25,72.61,0.16,81.92,700,126.91,10,Normal,Internal,Employee,Low,Connected,Optimal,414.74,83,1583,36,40,Normal
2026-08-26T17:48:00Z,Management,Department,Management,AI-Engine,AI,Management,58.96,248.73,17.96,19.29,0.45,15.67,134,24.18,2,Normal,Internal,Employee,Low,Connected,Optimal,255.49,24,4,72,2,Normal
2026-08-26T18:00:00Z,IoT-Gateway,IoT,Operations,Server-02,Server,Operations,292.4,491.04,45.88,45.42,0.39,46.95,330,56.99,1,Critical,Internal,Employee,Low,Connected,Optimal,367.07,120,72,35,2163,Normal
2026-08-26T18:12:00Z,IoT-Gateway,IoT,Operations,Server-02,Server,Operations,181.68,369.5,42.45,35.87,0.12,39.26,302,58.34,2,Normal,Internal,Employee,Low,Connected,Optimal,404.8,68,11,13,789,Normal
2026-08-26T18:24:00Z,API-Gateway,API,IT,Security-Hub,Security,IT,85.39,694.12,95.44,220.17,0.56,90.8,189,67.31,58,High,Internal,Employee,Medium,Connected,Congested,771.2,258,14,6,2,Network Congestion
2026-08-26T18:36:00Z,Development,Department,Development,API-Gateway,API,IT,403.21,91.21,71.94,38.46,0.51,68.8,607,48.91,10,High,Internal,Employee,Low,Connected,Optimal,66.21,765,25,22,6,Normal
2026-08-26T18:48:00Z,API-Gateway,API,IT,Security-Hub,Security,IT,101.65,400.09,39.01,44.61,0.16,36.95,170,81.29,0,Normal,Confidential,Role-Based,Low,Connected,Optimal,326.63,436,7,1,0,Normal
2026-08-26T19:00:00Z,IoT-Gateway,IoT,Operations,Server-02,Server,Operations,359.6,165.46,57.84,25.45,0.14,57.23,527,44.68,5,Critical,Confidential,Role-Based,Low,Connected,Optimal,151.12,54,33,41,1481,Normal
2026-08-26T19:12:00Z,Server-02,Server,Operations,Database-02,Database,Operations,386.86,421.11,69.95,30.29,0.58,72.84,545,39.46,5,Normal,Internal,Employee,Low,Connected,Optimal,296.17,193,1173,46,17,Normal
2026-08-26T19:24:00Z,Server-02,Server,Operations,Database-02,Database,Operations,155.51,407.17,37.64,30.12,0.19,34.04,216,48.48,5,Critical,Internal,Employee,Low,Connected,Optimal,319.53,47,245,2,10,Normal
2026-08-26T19:36:00Z,AI-Engine,AI,Management,Cloud-01,Cloud,Operations,179.63,242.78,34.42,17.07,0.33,30.87,346,24.46,2,Critical,Confidential,Role-Based,Low,Connected,Optimal,207.44,69,39,238,6,Normal
2026-08-26T19:48:00Z,IoT-Gateway,IoT,Operations,Cloud-01,Cloud,Operations,129.18,290.75,28.81,43.62,0.37,25.83,208,72.79,0,High,Internal,Employee,Low,Connected,Optimal,322.93,61,35,12,531,Normal
2026-08-26T20:00:00Z,API-Gateway,API,IT,Server-01,Server,Development,389.37,233.49,73.45,39.24,0.38,69.08,429,46.6,4,Normal,Internal,Employee,Low,Connected,Optimal,183.88,840,85,30,12,Normal
2026-08-26T20:12:00Z,IoT-Gateway,IoT,Operations,Server-02,Server,Operations,109.48,525.87,29.52,57.46,0.58,31.78,150,100.77,0,Normal,Internal,Employee,Low,Connected,Optimal,446.82,54,14,1,575,Normal
2026-08-26T20:24:00Z,API-Gateway,API,IT,Server-01,Server,Development,353.1,298.06,55.91,48.98,0.51,47.73,493,71.05,1,Low,Internal,Employee,Low,Connected,Optimal,306.65,1641,96,38,15,Normal
2026-08-26T20:36:00Z,Development,Department,Development,API-Gateway,API,IT,64.45,383.45,21.93,52.83,0.21,18.57,125,72.08,2,Low,Public,Open,Low,Connected,Optimal,432.08,204,11,5,2,Normal
2026-08-26T20:48:00Z,Server-04,Server,Operations,Database-02,Database,Operations,67.2,815.42,27.02,47.5,0.12,28.53,147,55.27,3,Normal,Public,Open,Low,Connected,Optimal,755.96,10,169,7,2,Normal
2026-08-26T21:00:00Z,Server-03,Server,IT,Cloud-01,Cloud,Operations,440.05,502.68,47.82,18.01,0.08,49.61,247,22.18,11,Critical,Restricted,Denied,Critical,Degraded,Rerouted,510.65,80,97,4,14,Suspicious Traffic
2026-08-26T21:12:00Z,QA,Department,QA,API-Gateway,API,IT,72.05,548.14,31.4,33.59,0.59,29.92,142,45.28,3,Normal,Confidential,Role-Based,Low,Connected,Optimal,588.8,340,10,4,0,Normal
2026-08-26T21:24:00Z,Server-02,Server,Operations,Database-01,Database,Finance,183.62,363.59,41.04,25.85,0.02,34.61,221,40.12,0,Normal,Restricted,Privileged,Low,Connected,Optimal,382.05,23,467,23,9,Normal
2026-08-26T21:36:00Z,Server-01,Server,Development,Database-02,Database,Operations,119.1,291.36,25.43,50.15,0.57,26.48,183,81.44,1,High,Confidential,Role-Based,Low,Connected,Optimal,205.22,18,285,6,8,Normal
2026-08-26T21:48:00Z,Cloud-01,Cloud,Operations,Management,Department,Management,29.34,649.22,20.29,30.39,0.08,18.74,76,52.73,2,High,Internal,Employee,Low,Connected,Optimal,577.66,13,2,0,1,Normal
2026-08-26T22:00:00Z,Security-Hub,Security,IT,Cloud-01,Cloud,Operations,57.5,182.75,33.41,36.27,0.37,31.21,121,61.5,0,High,Confidential,Role-Based,Low,Connected,Optimal,201.26,16,9,7,2,Normal
2026-08-26T22:12:00Z,Development,Department,Development,API-Gateway,API,IT,140.59,67.91,42.78,38.04,0.49,43.13,192,69.2,0,High,Internal,Employee,Low,Connected,Optimal,68.57,513,22,14,5,Normal
2026-08-26T22:24:00Z,Server-04,Server,Operations,Database-02,Database,Operations,84.52,208.7,35.18,53.47,0.4,28.96,185,80.41,0,Normal,Confidential,Role-Based,Low,Connected,Optimal,176.2,19,139,6,3,Normal
2026-08-26T22:36:00Z,API-Gateway,API,IT,Security-Hub,Security,IT,65.3,164.31,25.96,40.07,0.07,24.65,115,73.58,2,High,Public,Open,Low,Connected,Optimal,144.85,124,12,7,4,Normal
2026-08-26T22:48:00Z,Cloud-01,Cloud,Operations,Management,Department,Management,53.53,765.61,26.65,43.49,0.3,24.21,125,74.88,3,High,Internal,Employee,Low,Connected,Optimal,782.83,13,8,1,2,Normal
2026-08-26T23:00:00Z,Development,Department,Development,API-Gateway,API,IT,90.07,339.73,35.38,39.0,0.25,29.99,191,58.3,0,High,Confidential,Role-Based,Low,Connected,Optimal,300.37,230,8,2,6,Normal
2026-08-26T23:12:00Z,API-Gateway,API,IT,Server-01,Server,Development,178.56,138.2,37.86,47.8,0.04,37.28,306,59.09,5,Normal,Internal,Employee,Low,Connected,Optimal,156.68,323,41,14,6,Normal
2026-08-26T23:24:00Z,Server-02,Server,Operations,Database-02,Database,Operations,165.31,454.75,46.54,45.06,0.12,48.03,202,72.55,2,Normal,Internal,Employee,Low,Connected,Optimal,498.69,44,383,16,3,Normal
2026-08-26T23:36:00Z,API-Gateway,API,IT,Server-01,Server,Development,73.34,229.44,33.43,21.8,0.4,93.41,137,91.06,87,High,Internal,Employee,High,Degraded,Optimal,231.5,334,6,7,5,API Overload
2026-08-26T23:48:00Z,Management,Department,Management,AI-Engine,AI,Management,40.55,577.92,27.73,47.95,0.37,26.94,108,78.98,1,High,Confidential,Role-Based,Low,Connected,Optimal,543.39,18,6,20,0,Normal
2026-08-27T00:00:00Z,API-Gateway,API,IT,Security-Hub,Security,IT,15.24,147.84,16.66,48.99,0.64,16.63,53,58.47,1,Normal,Internal,Employee,Low,Connected,Optimal,133.6,55,3,1,0,Normal
2026-08-27T00:12:00Z,Server-03,Server,IT,Cloud-01,Cloud,Operations,63.84,429.04,32.13,45.24,0.45,26.74,117,65.21,0,High,Confidential,Role-Based,Low,Connected,Optimal,486.8,7,15,2,4,Normal
2026-08-27T00:24:00Z,IoT-Gateway,IoT,Operations,Server-02,Server,Operations,99.06,170.66,33.49,45.8,0.25,32.58,192,58.97,2,Normal,Restricted,Privileged,Low,Connected,Optimal,125.18,48,23,2,317,Normal
2026-08-27T00:36:00Z,API-Gateway,API,IT,Server-02,Server,Operations,70.61,140.72,33.84,16.24,0.31,36.0,104,29.23,1,Normal,Confidential,Role-Based,Low,Connected,Optimal,138.11,305,8,7,3,Normal
2026-08-27T00:48:00Z,QA,Department,QA,API-Gateway,API,IT,91.34,478.41,38.37,37.87,0.51,33.05,164,54.24,0,High,Internal,Employee,Low,Connected,Optimal,398.09,424,18,6,4,Normal
2026-08-27T01:00:00Z,Database-02,Database,Operations,AI-Engine,AI,Management,77.57,190.91,25.69,26.09,0.42,27.2,124,30.74,6,High,Internal,Employee,Low,Connected,Optimal,202.04,11,125,111,0,Normal
2026-08-27T01:12:00Z,Server-02,Server,Operations,Database-01,Database,Finance,160.05,287.51,38.68,36.45,0.2,38.27,228,44.01,8,High,Internal,Employee,Low,Connected,Optimal,282.37,29,377,6,8,Normal
2026-08-27T01:24:00Z,AI-Engine,AI,Management,Cloud-01,Cloud,Operations,54.06,510.09,32.41,47.14,0.29,33.46,90,76.85,6,Low,Confidential,Role-Based,Low,Connected,Optimal,365.76,6,5,44,0,Normal
2026-08-27T01:36:00Z,AI-Engine,AI,Management,Cloud-01,Cloud,Operations,153.1,289.01,36.79,32.99,0.21,33.89,192,38.07,2,High,Public,Open,Low,Connected,Optimal,312.62,37,26,134,8,Normal
2026-08-27T01:48:00Z,Server-02,Server,Operations,Database-02,Database,Operations,69.04,526.42,25.28,50.53,0.03,21.76,113,84.52,1,High,Confidential,Role-Based,Low,Connected,Optimal,438.37,24,117,8,5,Normal
2026-08-27T02:00:00Z,IoT-Gateway,IoT,Operations,Server-02,Server,Operations,131.66,509.67,26.26,52.74,0.1,21.82,224,75.2,0,Normal,Confidential,Role-Based,Low,Connected,Optimal,523.27,24,36,15,488,Normal
2026-08-27T02:12:00Z,API-Gateway,API,IT,Database-01,Database,Finance,141.63,163.97,29.33,155.07,0.37,93.33,261,272.6,49,Normal,Internal,Employee,High,Degraded,Optimal,184.98,406,345,5,3,Database Overload
2026-08-27T02:24:00Z,QA,Department,QA,API-Gateway,API,IT,38.4,450.11,20.59,43.7,0.45,17.7,92,74.96,3,Normal,Confidential,Role-Based,Low,Connected,Optimal,459.33,142,4,2,2,Normal
2026-08-27T02:36:00Z,API-Gateway,API,IT,Server-03,Server,IT,80.24,356.32,33.73,36.45,0.08,33.32,116,49.08,2,High,Confidential,Role-Based,Low,Connected,Optimal,280.92,321,16,8,5,Normal
2026-08-27T02:48:00Z,IoT-Gateway,IoT,Operations,Server-02,Server,Operations,129.06,442.62,36.16,48.31,0.15,30.0,184,85.78,0,Normal,Internal,Employee,Low,Connected,Optimal,487.39,43,34,3,710,Normal
2026-08-27T03:00:00Z,QA,Department,QA,API-Gateway,API,IT,55.94,109.86,21.12,56.49,0.64,21.08,126,70.51,1,Normal,Internal,Employee,Low,Connected,Optimal,104.87,247,4,5,4,Normal
2026-08-27T03:12:00Z,Development,Department,Development,API-Gateway,API,IT,158.53,163.89,34.09,25.83,0.44,32.55,293,36.72,7,Low,Internal,Employee,Low,Connected,Optimal,122.34,745,33,7,9,Normal
2026-08-27T03:24:00Z,Server-02,Server,Operations,Database-02,Database,Operations,112.27,255.7,30.5,40.68,0.58,25.63,164,74.48,0,Normal,Internal,Employee,Low,Connected,Optimal,273.02,26,301,14,0,Normal
2026-08-27T03:36:00Z,IoT-Gateway,IoT,Operations,Server-02,Server,Operations,98.56,172.72,31.28,27.79,0.11,26.93,180,47.86,1,Normal,Internal,Employee,Low,Connected,Optimal,173.38,28,19,9,498,Normal
2026-08-27T03:48:00Z,API-Gateway,API,IT,Server-01,Server,Development,54.66,304.72,19.09,37.53,0.58,16.38,95,67.39,0,Normal,Internal,Employee,Low,Connected,Optimal,346.21,202,14,5,3,Normal
2026-08-27T04:00:00Z,IoT-Gateway,IoT,Operations,Cloud-01,Cloud,Operations,44.49,491.78,23.91,36.23,0.15,22.16,83,56.44,2,Normal,Internal,Employee,Low,Connected,Optimal,495.97,20,8,0,217,Normal
2026-08-27T04:12:00Z,Finance,Department,Finance,Database-01,Database,Finance,14.68,493.3,28.16,44.74,0.54,27.52,53,79.69,0,Normal,Confidential,Role-Based,Low,Connected,Optimal,463.28,5,18,1,1,Normal
2026-08-27T04:24:00Z,Server-02,Server,Operations,Database-01,Database,Finance,30.44,472.76,25.93,34.12,0.28,27.16,84,49.49,5,High,Internal,Employee,Low,Connected,Optimal,502.11,14,84,2,1,Normal
2026-08-27T04:36:00Z,API-Gateway,API,IT,Server-02,Server,Operations,150.42,487.76,29.85,41.13,0.36,26.48,174,68.71,1,Low,Internal,Employee,Low,Connected,Optimal,455.52,440,15,17,4,Normal
2026-08-27T04:48:00Z,QA,Department,QA,API-Gateway,API,IT,62.35,521.34,22.31,257.09,0.37,21.84,149,408.84,2,Normal,Internal,Employee,High,Connected,Congested,500.46,257,9,1,4,High Latency
2026-08-27T05:00:00Z,HR,Department,HR,Server-01,Server,Development,19.15,686.3,29.42,20.21,0.34,30.14,69,31.93,5,High,Public,Open,Low,Connected,Optimal,600.58,6,4,2,0,Normal
2026-08-27T05:12:00Z,Server-02,Server,Operations,Database-02,Database,Operations,40.08,199.8,21.56,41.58,0.47,22.9,88,66.91,0,Low,Confidential,Role-Based,Low,Connected,Optimal,155.62,11,44,4,2,Normal
2026-08-27T05:24:00Z,Server-02,Server,Operations,Database-01,Database,Finance,63.05,405.48,26.88,45.33,0.4,26.75,115,72.92,8,Critical,Internal,Employee,Low,Connected,Optimal,334.19,16,153,3,1,Normal
2026-08-27T05:36:00Z,Development,Department,Development,API-Gateway,API,IT,148.79,464.64,38.04,46.5,0.37,36.96,218,80.02,4,Normal,Internal,Employee,Low,Connected,Optimal,326.22,345,26,12,5,Normal
2026-08-27T05:48:00Z,API-Gateway,API,IT,Server-03,Server,IT,36.08,397.47,19.04,38.59,0.52,16.85,84,54.57,7,Normal,Internal,Employee,Low,Connected,Optimal,338.98,148,7,4,2,Normal
2026-08-27T06:00:00Z,Server-01,Server,Development,Database-02,Database,Operations,45.03,376.23,29.69,25.26,0.46,30.52,95,35.29,0,Normal,Internal,Employee,Low,Connected,Optimal,330.9,17,80,3,0,Normal
2026-08-27T06:12:00Z,API-Gateway,API,IT,Server-03,Server,IT,48.44,434.08,19.2,47.34,0.61,16.69,113,62.22,0,Normal,Internal,Employee,Low,Connected,Optimal,348.63,208,12,2,3,Normal
2026-08-27T06:24:00Z,HR,Department,HR,Server-01,Server,Development,12.07,814.28,20.34,16.28,0.56,21.75,58,22.95,0,High,Internal,Employee,Low,Connected,Optimal,670.67,2,2,0,0,Normal
2026-08-27T06:36:00Z,Database-02,Database,Operations,AI-Engine,AI,Management,28.8,495.55,21.13,55.47,0.03,19.23,86,93.91,6,Normal,Internal,Employee,Low,Connected,Optimal,462.44,6,32,39,0,Normal
2026-08-27T06:48:00Z,QA,Department,QA,API-Gateway,API,IT,55.71,719.27,20.16,27.04,0.18,21.56,105,34.58,0,High,Internal,Employee,Low,Connected,Optimal,633.15,175,10,7,3,Normal
2026-08-27T07:00:00Z,AI-Engine,AI,Management,Cloud-01,Cloud,Operations,263.34,497.15,52.11,51.96,0.14,53.57,450,76.96,6,Low,Internal,Employee,Low,Connected,Optimal,378.09,120,54,314,6,Normal
2026-08-27T07:12:00Z,Server-02,Server,Operations,Database-01,Database,Finance,155.04,438.09,29.77,20.16,0.11,26.08,213,35.02,5,Normal,Internal,Employee,Low,Connected,Optimal,416.57,65,277,9,4,Normal
2026-08-27T07:24:00Z,Server-04,Server,Operations,Database-02,Database,Operations,177.2,515.25,91.82,38.61,0.64,91.63,249,122.23,64,High,Internal,Employee,Medium,Degraded,Optimal,561.99,63,524,11,8,Server Overload
2026-08-27T07:36:00Z,Server-01,Server,Development,Database-01,Database,Finance,342.76,116.53,57.98,29.17,0.43,58.26,533,41.61,8,Critical,Confidential,Role-Based,Low,Connected,Optimal,108.89,96,491,41,3,Normal
2026-08-27T07:48:00Z,API-Gateway,API,IT,Server-01,Server,Development,176.45,367.53,45.01,24.84,0.26,38.03,345,36.8,0,Low,Confidential,Role-Based,Low,Connected,Optimal,343.93,844,13,15,1,Normal
2026-08-27T08:00:00Z,IoT-Gateway,IoT,Operations,Cloud-01,Cloud,Operations,150.65,244.26,41.65,34.61,0.09,39.86,196,40.66,0,High,Internal,Employee,Low,Connected,Optimal,266.71,71,28,4,1166,Normal
2026-08-27T08:12:00Z,Server-02,Server,Operations,Database-01,Database,Finance,312.81,262.24,61.63,52.85,0.29,60.79,469,94.4,9,Normal,Internal,Employee,Low,Connected,Optimal,194.13,69,601,9,0,Normal
2026-08-27T08:24:00Z,Server-02,Server,Operations,Database-01,Database,Finance,389.42,122.13,62.65,38.47,0.45,59.39,653,52.31,5,Normal,Confidential,Role-Based,Low,Connected,Optimal,115.62,68,1115,26,7,Normal
2026-08-27T08:36:00Z,Database-01,Database,Finance,AI-Engine,AI,Management,272.51,546.35,47.2,19.33,0.41,45.05,479,30.52,0,High,Internal,Employee,Low,Connected,Optimal,541.87,85,446,202,1,Normal
2026-08-27T08:48:00Z,Finance,Department,Finance,Database-01,Database,Finance,55.86,443.37,24.96,45.42,0.32,22.55,95,83.06,8,Normal,Internal,Employee,Low,Connected,Optimal,397.83,5,71,0,0,Normal
2026-08-27T09:00:00Z,Server-01,Server,Development,Database-01,Database,Finance,356.16,336.66,60.12,45.27,0.03,50.55,599,56.69,5,Normal,Internal,Employee,Low,Connected,Optimal,317.95,61,1029,15,10,Normal
2026-08-27T09:12:00Z,Development,Department,Development,API-Gateway,API,IT,521.62,375.17,80.54,74.5,0.17,86.87,600,124.03,10,Normal,Internal,Employee,Low,Connected,Optimal,424.9,2403,46,54,31,Normal
2026-08-27T09:24:00Z,Server-02,Server,Operations,Database-01,Database,Finance,139.1,273.04,32.34,31.14,0.04,32.13,285,40.95,4,Normal,Public,Open,Low,Connected,Optimal,288.73,46,263,5,10,Normal
2026-08-27T09:36:00Z,Server-02,Server,Operations,Database-02,Database,Operations,363.83,409.14,57.16,48.37,0.17,54.3,590,67.09,9,Low,Internal,Employee,Low,Connected,Optimal,314.73,114,478,26,9,Normal
2026-08-27T09:48:00Z,Server-02,Server,Operations,Database-02,Database,Operations,351.28,241.26,68.89,48.04,0.02,63.26,583,63.68,4,Low,Confidential,Role-Based,Low,Connected,Optimal,229.57,111,730,29,15,Normal
2026-08-27T10:00:00Z,API-Gateway,API,IT,Server-03,Server,IT,228.67,612.14,48.66,52.14,15.2,46.62,336,89.87,1,High,Internal,Employee,Medium,Degraded,Rerouted,599.21,661,46,11,1,Packet Loss
2026-08-27T10:12:00Z,Cloud-01,Cloud,Operations,Management,Department,Management,193.34,246.61,45.88,48.16,0.11,41.0,283,66.24,3,Low,Internal,Employee,Low,Connected,Optimal,177.48,91,18,2,1,Normal
2026-08-27T10:24:00Z,API-Gateway,API,IT,Server-01,Server,Development,113.1,325.2,30.79,36.58,0.41,29.97,144,47.71,2,Critical,Internal,Employee,Low,Connected,Optimal,363.5,485,18,10,3,Normal
2026-08-27T10:36:00Z,Database-01,Database,Finance,AI-Engine,AI,Management,429.59,542.75,76.69,30.61,0.4,73.43,708,53.08,6,Low,Internal,Employee,Low,Connected,Optimal,506.8,60,671,429,6,Normal
2026-08-27T10:48:00Z,Server-04,Server,Operations,Database-02,Database,Operations,240.66,780.6,49.4,39.44,0.49,50.35,379,63.98,3,Normal,Confidential,Role-Based,Low,Connected,Optimal,739.61,72,581,19,11,Normal
2026-08-27T11:00:00Z,IoT-Gateway,IoT,Operations,Cloud-01,Cloud,Operations,385.61,454.74,74.97,61.24,0.27,73.82,671,84.29,4,Normal,Internal,Employee,Low,Connected,Optimal,395.07,123,91,21,2029,Normal
2026-08-27T11:12:00Z,Cloud-01,Cloud,Operations,Management,Department,Management,38.0,131.57,19.75,16.68,0.1,20.77,72,30.68,2,High,Restricted,Privileged,Low,Connected,Optimal,140.79,17,6,3,1,Normal
2026-08-27T11:24:00Z,QA,Department,QA,API-Gateway,API,IT,216.22,214.03,41.14,53.36,0.17,36.47,291,82.68,5,Normal,Internal,Employee,Low,Connected,Optimal,157.26,599,36,15,15,Normal
2026-08-27T11:36:00Z,Database-01,Database,Finance,AI-Engine,AI,Management,436.78,134.0,74.83,27.13,0.53,68.78,737,48.7,3,Normal,Restricted,Privileged,Low,Connected,Optimal,101.07,178,1133,700,32,Normal
2026-08-27T11:48:00Z,Server-03,Server,IT,Cloud-01,Cloud,Operations,309.15,129.27,57.14,29.41,0.37,51.71,510,36.98,9,High,Restricted,Privileged,Low,Connected,Optimal,146.98,124,59,6,10,Normal
2026-08-27T12:00:00Z,Database-02,Database,Operations,AI-Engine,AI,Management,105.62,355.04,31.45,47.3,0.36,27.93,170,68.79,1,Normal,Internal,Employee,Low,Connected,Optimal,311.69,34,234,189,4,Normal
2026-08-27T12:12:00Z,API-Gateway,API,IT,Server-01,Server,Development,277.45,237.46,56.16,40.19,0.08,52.09,378,51.58,0,Normal,Internal,Employee,Low,Connected,Optimal,248.47,640,38,32,17,Normal
2026-08-27T12:24:00Z,Server-03,Server,IT,Cloud-01,Cloud,Operations,247.51,700.26,44.39,44.79,0.11,44.8,279,74.69,4,Normal,Confidential,Role-Based,Low,Connected,Optimal,580.84,58,62,12,9,Normal
2026-08-27T12:36:00Z,API-Gateway,API,IT,Server-03,Server,IT,1800,214.89,85.84,49.02,0.36,90.81,2077,80.23,9,High,Internal,Employee,Medium,Connected,Optimal,226.73,6832,118,177,1,Traffic Spike
2026-08-27T12:48:00Z,Server-01,Server,Development,Database-01,Database,Finance,231.87,522.34,50.16,52.3,0.02,52.44,382,68.61,0,Low,Internal,Employee,Low,Connected,Optimal,569.38,72,341,17,8,Normal
2026-08-27T13:00:00Z,IoT-Gateway,IoT,Operations,Cloud-01,Cloud,Operations,83.93,256.1,29.76,30.01,0.26,25.62,139,41.9,6,Normal,Internal,Employee,Low,Connected,Optimal,292.01,25,21,7,620,Normal
2026-08-27T13:12:00Z,IoT-Gateway,IoT,Operations,Server-02,Server,Operations,596.88,79.83,92.78,62.46,0.11,97.72,928,75.67,4,Normal,Internal,Employee,Low,Connected,Optimal,64.05,117,52,81,4505,Normal
2026-08-27T13:24:00Z,API-Gateway,API,IT,Server-03,Server,IT,336.08,211.79,53.48,38.74,0.52,55.85,433,63.67,9,Normal,Internal,Employee,Low,Connected,Optimal,243.14,1588,28,44,24,Normal
2026-08-27T13:36:00Z,API-Gateway,API,IT,Server-03,Server,IT,343.11,661.17,53.97,29.34,0.57,54.46,583,51.82,2,Normal,Restricted,Privileged,Low,Connected,Optimal,728.85,1578,40,38,2,Normal
2026-08-27T13:48:00Z,API-Gateway,API,IT,Server-01,Server,Development,631.93,312.86,91.87,73.23,0.16,80.88,997,102.63,8,High,Internal,Employee,Low,Connected,Optimal,289.72,2283,144,37,43,Normal
2026-08-27T14:00:00Z,Server-02,Server,Operations,Database-01,Database,Finance,198.57,147.05,34.8,48.11,0.02,30.97,290,80.33,7,Low,Restricted,Privileged,Low,Connected,Optimal,168.16,88,413,10,7,Normal
2026-08-27T14:12:00Z,API-Gateway,API,IT,Server-01,Server,Development,380.71,76.55,69.66,34.31,0.21,68.2,635,53.71,5,Normal,Confidential,Role-Based,Low,Connected,Optimal,80.69,1279,62,44,1,Normal
2026-08-27T14:24:00Z,Security-Hub,Security,IT,Cloud-01,Cloud,Operations,141.51,399.1,40.49,39.42,0.34,39.84,171,53.37,1,High,Internal,Employee,Low,Connected,Optimal,355.24,48,9,10,1,Normal
2026-08-27T14:36:00Z,AI-Engine,AI,Management,Cloud-01,Cloud,Operations,314.99,454.39,50.45,48.71,0.61,50.5,359,70.11,5,Normal,Internal,Employee,Low,Connected,Optimal,438.78,121,31,343,6,Normal
2026-08-27T14:48:00Z,Server-04,Server,Operations,Database-02,Database,Operations,391.59,672.48,70.69,24.95,0.08,66.22,518,37.84,2,Normal,Restricted,Privileged,Low,Connected,Optimal,585.33,98,1032,50,17,Normal
2026-08-27T15:00:00Z,Server-04,Server,Operations,Database-02,Database,Operations,116.92,724.27,27.48,45.91,0.28,24.74,224,67.13,5,Normal,Internal,Employee,Low,Connected,Optimal,549.87,21,274,5,4,Normal
2026-08-27T15:12:00Z,IoT-Gateway,IoT,Operations,Server-02,Server,Operations,390.11,0,73.46,33.64,100,69.33,533,1156.65,4,Normal,Internal,Employee,Medium,Failed,Blocked,0,62,83,5,2835,Failed Connection
2026-08-27T15:24:00Z,Server-04,Server,Operations,Database-02,Database,Operations,349.54,315.93,69.19,19.73,0.28,59.95,564,31.13,4,High,Internal,Employee,Low,Connected,Optimal,333.08,59,702,29,26,Normal
2026-08-27T15:36:00Z,QA,Department,QA,API-Gateway,API,IT,161.79,366.13,36.55,18.84,0.28,35.2,226,23.44,2,Normal,Internal,Employee,Low,Connected,Optimal,370.94,588,12,16,8,Normal
2026-08-27T15:48:00Z,Security-Hub,Security,IT,Cloud-01,Cloud,Operations,120.2,616.3,41.47,57.42,0.19,40.57,180,87.16,1,Critical,Internal,Employee,Low,Connected,Optimal,467.38,39,21,11,4,Normal
2026-08-27T16:00:00Z,API-Gateway,API,IT,Server-01,Server,Development,445.17,352.9,81.92,35.55,0.03,80.49,485,61.98,10,Normal,Internal,Employee,Low,Connected,Optimal,336.03,1652,23,16,10,Normal
2026-08-27T16:12:00Z,AI-Engine,AI,Management,Cloud-01,Cloud,Operations,213.35,341.01,41.85,16.26,0.45,38.03,369,25.71,0,Low,Internal,Employee,Low,Connected,Optimal,289.43,50,46,360,13,Normal
2026-08-27T16:24:00Z,Server-03,Server,IT,Cloud-01,Cloud,Operations,227.48,505.35,53.8,38.55,0.22,55.08,327,64.38,6,High,Internal,Employee,Low,Connected,Optimal,475.61,41,50,25,16,Normal
2026-08-27T16:36:00Z,API-Gateway,API,IT,Server-03,Server,IT,420.81,256.43,61.88,57.31,0.41,64.29,632,81.54,4,Normal,Confidential,Role-Based,Low,Connected,Optimal,266.23,1647,54,5,13,Normal
2026-08-27T16:48:00Z,Server-02,Server,Operations,Database-01,Database,Finance,207.68,260.21,52.44,25.08,0.2,44.53,371,42.49,6,Low,Internal,Employee,Low,Connected,Optimal,240.7,36,612,21,8,Normal
2026-08-27T17:00:00Z,Database-02,Database,Operations,AI-Engine,AI,Management,87.64,752.04,35.49,55.4,0.44,30.32,174,81.52,1,High,Internal,Employee,Low,Connected,Optimal,527.82,41,216,111,0,Normal
2026-08-27T17:12:00Z,Server-01,Server,Development,Database-02,Database,Operations,66.12,474.96,29.92,29.12,0.38,26.97,150,40.03,3,Normal,Internal,Employee,Low,Connected,Optimal,357.62,10,108,0,3,Normal
2026-08-27T17:24:00Z,Server-02,Server,Operations,Database-01,Database,Finance,181.58,215.76,37.88,21.95,0.46,33.85,241,26.33,4,Normal,Internal,Employee,Low,Connected,Optimal,194.11,27,370,17,1,Normal
2026-08-27T17:36:00Z,Development,Department,Development,API-Gateway,API,IT,279.44,140.81,54.81,40.9,0.55,54.91,444,55.97,6,High,Internal,Employee,Low,Connected,Optimal,160.26,1136,46,7,18,Normal
2026-08-27T17:48:00Z,IoT-Gateway,IoT,Operations,Cloud-01,Cloud,Operations,195.18,392.73,96.3,183.13,0.31,95.99,252,80.33,50,Normal,Restricted,Privileged,High,Connected,Congested,361.06,24,15,14,1410,Network Congestion
2026-08-27T18:00:00Z,API-Gateway,API,IT,Server-02,Server,Operations,220.85,332.39,46.08,33.04,0.47,39.06,347,39.63,2,Normal,Internal,Employee,Low,Connected,Optimal,269.12,502,37,4,3,Normal
2026-08-27T18:12:00Z,Server-04,Server,Operations,Database-02,Database,Operations,161.81,804.01,39.94,30.37,0.45,34.55,281,50.65,5,High,Confidential,Role-Based,Low,Connected,Optimal,604.17,54,283,3,5,Normal
2026-08-27T18:24:00Z,API-Gateway,API,IT,Server-02,Server,Operations,234.62,343.31,50.95,41.05,0.53,46.12,385,48.97,4,Normal,Confidential,Role-Based,Low,Connected,Optimal,365.43,955,50,16,5,Normal
2026-08-27T18:36:00Z,Server-03,Server,IT,Cloud-01,Cloud,Operations,173.48,228.72,46.95,28.59,0.52,46.79,337,51.62,5,High,Restricted,Privileged,Low,Connected,Optimal,262.02,57,35,13,11,Normal
2026-08-27T18:48:00Z,IoT-Gateway,IoT,Operations,Server-02,Server,Operations,92.77,483.59,38.74,16.04,0.37,41.62,130,21.61,6,Normal,Internal,Employee,Low,Connected,Optimal,493.4,24,14,3,358,Normal
2026-08-27T19:00:00Z,Finance,Department,Finance,Database-01,Database,Finance,129.64,730.94,32.29,33.52,0.19,33.81,169,38.82,3,Normal,Internal,Employee,Low,Connected,Optimal,802.71,47,395,3,1,Normal
2026-08-27T19:12:00Z,AI-Engine,AI,Management,Cloud-01,Cloud,Operations,335.91,544.13,63.48,55.07,0.41,59.55,468,94.95,4,Normal,Public,Open,Low,Connected,Optimal,502.87,131,76,285,24,Normal
2026-08-27T19:24:00Z,Server-02,Server,Operations,Database-02,Database,Operations,71.65,88.95,27.44,31.48,0.38,29.36,107,52.29,3,Normal,Confidential,Role-Based,Low,Connected,Optimal,92.31,15,152,5,3,Normal
2026-08-27T19:36:00Z,API-Gateway,API,IT,Server-01,Server,Development,315.86,334.31,60.56,44.73,0.36,58.78,496,79.73,4,Normal,Confidential,Role-Based,Low,Connected,Optimal,320.37,882,43,43,7,Normal
2026-08-27T19:48:00Z,Management,Department,Management,AI-Engine,AI,Management,105.0,548.84,28.28,48.97,0.18,27.81,187,75.95,2,High,Internal,Employee,Low,Connected,Optimal,566.3,11,17,69,0,Normal
2026-08-27T20:00:00Z,Database-02,Database,Operations,AI-Engine,AI,Management,84.15,562.3,25.22,26.79,0.48,24.64,182,44.67,0,Normal,Confidential,Role-Based,Low,Connected,Optimal,453.37,14,181,45,6,Normal
2026-08-27T20:12:00Z,Cloud-01,Cloud,Operations,Management,Department,Management,105.79,714.92,37.98,47.62,0.27,34.93,196,78.96,1,Normal,Internal,Employee,Low,Connected,Optimal,771.28,12,12,12,0,Normal
2026-08-27T20:24:00Z,Server-01,Server,Development,Database-02,Database,Operations,298.21,443.24,44.22,54.74,0.16,44.12,213,73.02,1,Critical,Restricted,Denied,Critical,Degraded,Rerouted,373.23,93,898,6,12,Suspicious Traffic
2026-08-27T20:36:00Z,API-Gateway,API,IT,Server-03,Server,IT,259.51,456.35,53.39,27.45,0.18,54.91,331,42.79,4,Normal,Confidential,Role-Based,Low,Connected,Optimal,369.1,990,62,20,14,Normal
2026-08-27T20:48:00Z,Security-Hub,Security,IT,Cloud-01,Cloud,Operations,57.65,113.72,17.18,18.85,0.27,16.44,125,26.32,1,Low,Internal,Employee,Low,Connected,Optimal,82.52,19,15,2,2,Normal
2026-08-27T21:00:00Z,HR,Department,HR,Server-01,Server,Development,110.89,169.91,34.41,31.79,0.5,34.01,217,40.67,1,Normal,Internal,Employee,Low,Connected,Optimal,141.46,40,7,7,8,Normal
2026-08-27T21:12:00Z,Database-02,Database,Operations,AI-Engine,AI,Management,81.59,600.68,33.81,26.81,0.51,30.16,116,38.12,4,High,Internal,Employee,Low,Connected,Optimal,439.23,40,122,82,4,Normal
2026-08-27T21:24:00Z,HR,Department,HR,Server-01,Server,Development,33.7,425.52,25.16,20.46,0.29,22.33,69,24.54,1,High,Confidential,Role-Based,Low,Connected,Optimal,301.46,10,7,0,0,Normal
2026-08-27T21:36:00Z,Server-01,Server,Development,Database-01,Database,Finance,46.49,248.16,22.71,16.16,0.46,23.18,99,23.15,1,Low,Internal,Employee,Low,Connected,Optimal,216.64,17,123,1,1,Normal
2026-08-27T21:48:00Z,Security-Hub,Security,IT,Cloud-01,Cloud,Operations,28.81,330.33,14.51,57.87,0.42,13.27,86,80.33,0,High,Confidential,Role-Based,Low,Connected,Optimal,274.33,5,5,3,1,Normal
2026-08-27T22:00:00Z,API-Gateway,API,IT,Server-02,Server,Operations,90.63,115.64,33.45,36.43,0.58,31.24,135,42.81,11,Normal,Internal,Employee,Low,Connected,Optimal,122.2,338,15,12,5,Normal
2026-08-27T22:12:00Z,Cloud-01,Cloud,Operations,Management,Department,Management,12.84,357.35,17.64,46.28,0.27,15.44,57,70.17,2,Critical,Confidential,Role-Based,Low,Connected,Optimal,336.43,5,1,0,0,Normal
2026-08-27T22:24:00Z,Server-02,Server,Operations,Database-01,Database,Finance,33.45,459.39,25.21,26.19,0.43,20.77,87,46.71,2,Normal,Confidential,Role-Based,Low,Connected,Optimal,334.8,14,44,2,1,Normal
2026-08-27T22:36:00Z,Development,Department,Development,API-Gateway,API,IT,64.38,210.09,32.9,46.99,0.27,28.01,135,72.0,1,Normal,Restricted,Privileged,Low,Connected,Optimal,167.22,124,6,1,1,Normal
2026-08-27T22:48:00Z,Database-02,Database,Operations,AI-Engine,AI,Management,32.53,380.06,16.94,26.23,0.38,14.48,90,41.78,0,High,Internal,Employee,Low,Connected,Optimal,267.28,15,81,41,0,Normal
2026-08-27T23:00:00Z,API-Gateway,API,IT,Server-03,Server,IT,100.05,443.05,24.49,22.01,0.18,95.5,149,67.2,53,High,Internal,Employee,High,Degraded,Optimal,379.49,181,10,2,4,API Overload
2026-08-27T23:12:00Z,QA,Department,QA,API-Gateway,API,IT,55.74,647.17,26.51,25.21,0.5,26.29,102,32.41,3,Critical,Internal,Employee,Low,Connected,Optimal,504.37,212,3,5,1,Normal
2026-08-27T23:24:00Z,Server-01,Server,Development,Database-01,Database,Finance,72.13,497.71,32.45,17.82,0.48,34.41,114,30.29,0,Normal,Internal,Employee,Low,Connected,Optimal,548.86,28,164,3,1,Normal
2026-08-27T23:36:00Z,Server-04,Server,Operations,Database-02,Database,Operations,52.01,659.95,22.21,20.12,0.48,23.24,102,26.24,0,High,Internal,Employee,Low,Connected,Optimal,737.52,14,97,1,2,Normal
2026-08-27T23:48:00Z,Server-03,Server,IT,Cloud-01,Cloud,Operations,129.73,226.45,28.11,45.07,0.05,24.05,254,66.3,2,Normal,Internal,Employee,Low,Connected,Optimal,248.84,44,32,12,6,Normal
2026-08-28T00:00:00Z,Management,Department,Management,AI-Engine,AI,Management,64.56,739.59,19.43,51.99,0.32,20.96,130,90.25,1,High,Internal,Employee,Low,Connected,Optimal,626.64,21,17,81,0,Normal
2026-08-28T00:12:00Z,Server-02,Server,Operations,Database-02,Database,Operations,27.64,552.75,14.09,35.77,0.5,11.68,76,53.13,5,High,Confidential,Role-Based,Low,Connected,Optimal,499.46,5,61,0,1,Normal
2026-08-28T00:24:00Z,IoT-Gateway,IoT,Operations,Cloud-01,Cloud,Operations,35.07,287.86,25.93,19.81,0.32,23.32,91,34.68,2,Normal,Confidential,Role-Based,Low,Connected,Optimal,314.75,9,8,2,186,Normal
2026-08-28T00:36:00Z,Server-03,Server,IT,Cloud-01,Cloud,Operations,116.8,140.15,40.33,29.98,0.03,37.53,171,54.34,2,Normal,Confidential,Role-Based,Low,Connected,Optimal,147.78,15,31,12,0,Normal
2026-08-28T00:48:00Z,IoT-Gateway,IoT,Operations,Cloud-01,Cloud,Operations,95.94,676.49,23.7,31.35,0.41,21.68,139,48.32,5,Normal,Restricted,Privileged,Low,Connected,Optimal,546.18,13,16,12,566,Normal
2026-08-28T01:00:00Z,Cloud-01,Cloud,Operations,Management,Department,Management,25.51,658.07,17.17,30.81,0.18,17.11,67,36.8,3,Normal,Internal,Employee,Low,Connected,Optimal,616.62,3,5,2,1,Normal
2026-08-28T01:12:00Z,API-Gateway,API,IT,Server-02,Server,Operations,127.37,436.72,42.55,49.97,0.61,35.62,254,73.48,7,Normal,Restricted,Privileged,Low,Connected,Optimal,327.2,334,28,9,8,Normal
2026-08-28T01:24:00Z,Server-02,Server,Operations,Database-01,Database,Finance,135.92,190.76,44.03,38.74,0.09,40.07,214,62.03,6,Normal,Public,Open,Low,Connected,Optimal,208.37,26,407,12,4,Normal
2026-08-28T01:36:00Z,API-Gateway,API,IT,Database-02,Database,Operations,100.45,284.2,32.93,144.83,0.55,97.16,155,264.68,48,Normal,Internal,Employee,Medium,Degraded,Optimal,278.06,229,218,3,1,Database Overload
2026-08-28T01:48:00Z,Database-01,Database,Finance,AI-Engine,AI,Management,142.07,527.24,30.23,20.91,0.65,29.3,222,29.46,1,Normal,Confidential,Role-Based,Low,Connected,Optimal,526.98,69,198,153,11,Normal
2026-08-28T02:00:00Z,Server-02,Server,Operations,Database-01,Database,Finance,50.71,73.4,32.94,48.28,0.62,34.96,90,88.31,0,Normal,Internal,Employee,Low,Connected,Optimal,80.98,24,132,7,2,Normal
2026-08-28T02:12:00Z,AI-Engine,AI,Management,Cloud-01,Cloud,Operations,127.49,559.2,31.64,20.72,0.32,26.28,230,25.52,1,Low,Internal,Employee,Low,Connected,Optimal,446.9,30,16,164,1,Normal
2026-08-28T02:24:00Z,Server-02,Server,Operations,Database-01,Database,Finance,161.87,398.1,33.26,19.51,0.55,33.13,323,35.76,0,Normal,Internal,Employee,Low,Connected,Optimal,288.71,59,306,16,5,Normal
2026-08-28T02:36:00Z,API-Gateway,API,IT,Security-Hub,Security,IT,12.56,361.53,17.08,34.71,0.37,14.96,59,57.94,3,Normal,Internal,Employee,Low,Connected,Optimal,279.72,50,3,1,0,Normal
2026-08-28T02:48:00Z,AI-Engine,AI,Management,Cloud-01,Cloud,Operations,109.15,150.41,28.77,57.51,0.35,26.1,227,89.92,2,Normal,Internal,Employee,Low,Connected,Optimal,117.13,31,20,184,1,Normal
2026-08-28T03:00:00Z,AI-Engine,AI,Management,Cloud-01,Cloud,Operations,65.84,332.56,32.84,28.68,0.38,31.15,141,37.49,3,High,Internal,Employee,Low,Connected,Optimal,277.71,23,13,43,3,Normal
2026-08-28T03:12:00Z,API-Gateway,API,IT,Server-02,Server,Operations,57.1,486.24,28.57,17.19,0.5,27.09,139,26.98,0,Normal,Internal,Employee,Low,Connected,Optimal,490.45,269,14,3,3,Normal
2026-08-28T03:24:00Z,Development,Department,Development,API-Gateway,API,IT,73.97,316.97,21.65,35.36,0.45,19.77,108,49.61,3,Normal,Restricted,Privileged,Low,Connected,Optimal,228.83,197,15,1,1,Normal
2026-08-28T03:36:00Z,Server-03,Server,IT,Cloud-01,Cloud,Operations,106.05,486.69,25.94,29.55,0.21,26.97,209,39.6,1,Normal,Internal,Employee,Low,Connected,Optimal,372.16,16,12,11,3,Normal
2026-08-28T03:48:00Z,IoT-Gateway,IoT,Operations,Cloud-01,Cloud,Operations,38.47,236.73,23.75,50.93,0.52,22.93,96,92.52,0,High,Confidential,Role-Based,Low,Connected,Optimal,240.52,16,5,4,137,Normal
2026-08-28T04:00:00Z,Finance,Department,Finance,Database-01,Database,Finance,14.74,363.97,24.24,21.84,0.29,26.1,58,39.94,3,High,Internal,Employee,Low,Connected,Optimal,275.86,5,36,0,0,Normal
2026-08-28T04:12:00Z,Security-Hub,Security,IT,Cloud-01,Cloud,Operations,33.94,671.42,16.15,246.29,0.32,15.05,74,454.43,3,High,Internal,Employee,Medium,Connected,Congested,490.01,12,8,3,2,High Latency
2026-08-28T04:24:00Z,API-Gateway,API,IT,Server-01,Server,Development,192.18,135.8,39.76,19.81,0.55,42.34,375,27.61,5,High,Internal,Employee,Low,Connected,Optimal,129.9,403,37,2,3,Normal
2026-08-28T04:36:00Z,API-Gateway,API,IT,Server-01,Server,Development,82.05,432.92,29.67,56.89,0.07,25.98,149,93.61,4,Normal,Internal,Employee,Low,Connected,Optimal,388.7,383,7,4,2,Normal
2026-08-28T04:48:00Z,API-Gateway,API,IT,Server-01,Server,Development,72.39,105.98,36.55,21.19,0.08,31.26,152,34.82,2,Normal,Internal,Employee,Low,Connected,Optimal,87.71,260,9,9,2,Normal
2026-08-28T05:00:00Z,Server-02,Server,Operations,Database-02,Database,Operations,70.4,491.31,21.98,18.92,0.55,20.75,144,24.14,1,Critical,Internal,Employee,Low,Connected,Optimal,367.17,19,170,1,0,Normal
2026-08-28T05:12:00Z,Server-01,Server,Development,Database-01,Database,Finance,108.11,128.4,39.84,57.07,0.05,42.77,168,89.4,5,High,Confidential,Role-Based,Low,Connected,Optimal,105.98,41,244,4,6,Normal
2026-08-28T05:24:00Z,Server-03,Server,IT,Cloud-01,Cloud,Operations,65.11,406.01,28.8,32.99,0.32,25.7,141,40.43,2,Normal,Internal,Employee,Low,Connected,Optimal,399.01,10,4,1,0,Normal
2026-08-28T05:36:00Z,Server-04,Server,Operations,Database-02,Database,Operations,118.56,376.2,36.68,22.41,0.41,31.0,152,37.57,3,Normal,Confidential,Role-Based,Low,Connected,Optimal,346.34,24,211,14,5,Normal
2026-08-28T05:48:00Z,Cloud-01,Cloud,Operations,Management,Department,Management,13.83,424.89,28.16,32.11,0.21,25.84,56,37.67,0,Normal,Confidential,Role-Based,Low,Connected,Optimal,355.36,5,2,0,0,Normal
